{"metrics":{"ws_msgs_sent":{"type":"counter","contains":"default","values":{"count":822753,"rate":559.687613877874}},"ws_messages_received":{"type":"counter","contains":"default","values":{"rate":489.9675599293095,"count":720263}},"http_req_blocked":{"type":"trend","contains":"time","values":{"avg":3.8059957896986716,"min":0.002581,"med":0.007881,"max":3006.58331,"p(90)":0.7101725000000001,"p(95)":0.982089}},"http_req_receiving":{"type":"trend","contains":"time","values":{"avg":0.23652268755120287,"min":0.016267,"med":0.069686,"max":872.174668,"p(90)":0.134431,"p(95)":0.2222735}},"http_req_duration":{"values":{"min":8.87873,"med":95.53972300000001,"max":19200.325924,"p(90)":10435.034826,"p(95)":11993.98841175,"avg":2980.695138431538},"thresholds":{"p(95)<700":{"ok":false}},"type":"trend","contains":"time"},"registration_duration_ms":{"type":"trend","contains":"default","values":{"avg":38.656,"min":16,"med":33,"max":720,"p(90)":52,"p(95)":67}},"ws_connecting":{"thresholds":{"p(95)<400":{"ok":false}},"type":"trend","contains":"time","values":{"p(90)":60000.9329544,"p(95)":60001.183292099995,"avg":47039.305434847,"min":2.265585,"med":60000.079257,"max":61786.027115}},"vus_max":{"type":"gauge","contains":"default","values":{"max":8000,"value":8000,"min":1619}},"http_reqs":{"contains":"default","values":{"count":195296,"rate":132.85245054091968},"type":"counter"},"http_req_connecting":{"type":"trend","contains":"time","values":{"avg":3.662669400581704,"min":0,"med":0,"max":3006.431944,"p(90)":0.5971075,"p(95)":0.8299285}},"http_req_sending":{"type":"trend","contains":"time","values":{"max":2797.092593,"p(90)":0.08336,"p(95)":0.17764449999999998,"avg":0.5668044819965654,"min":0.00685,"med":0.026679500000000002}},"data_sent":{"type":"counter","contains":"data","values":{"count":179299940,"rate":121970.93852838699}},"ws_sessions":{"type":"counter","contains":"default","values":{"count":90764,"rate":61.74330155710324}},"iterations":{"values":{"count":86959,"rate":59.154904588869385},"type":"counter","contains":"default"},"checks":{"type":"rate","contains":"default","values":{"fails":855881,"rate":0.6620402654458412,"passes":1676613}},"ws_messages_sent":{"thresholds":{"count>0":{"ok":true}},"type":"counter","contains":"default","values":{"count":778738,"rate":529.7458812742437}},"vus":{"contains":"default","values":{"value":9,"min":0,"max":8000},"type":"gauge"},"http_req_duration{expected_response:true}":{"values":{"avg":2980.695138431538,"min":8.87873,"med":95.53972300000001,"max":19200.325924,"p(90)":10435.034826,"p(95)":11993.98841175},"type":"trend","contains":"time"},"http_req_tls_handshaking":{"type":"trend","contains":"time","values":{"min":0,"med":0,"max":0,"p(90)":0,"p(95)":0,"avg":0}},"iteration_duration":{"contains":"time","values":{"avg":87536.79026037751,"min":23603.279725,"med":79268.400782,"max":140839.335963,"p(90)":121297.45129119999,"p(95)":125015.1740213},"type":"trend"},"connection_errors":{"type":"rate","contains":"default","values":{"rate":1,"passes":48416,"fails":0}},"ws_msgs_received":{"type":"counter","contains":"default","values":{"rate":489.9675599293095,"count":720263}},"data_received":{"type":"counter","contains":"data","values":{"count":114537262,"rate":77915.34867558659}},"http_req_failed":{"thresholds":{"rate<0.05":{"ok":true}},"type":"rate","contains":"default","values":{"rate":0,"passes":0,"fails":195296}},"ws_session_duration":{"type":"trend","contains":"time","values":{"avg":74691.89175133544,"min":19680.074976,"med":60001.225108,"max":120165.269337,"p(90)":110567.6413153,"p(95)":116524.6904342},"thresholds":{"p(95)<60000":{"ok":false}}},"http_req_waiting":{"type":"trend","contains":"time","values":{"min":8.701349,"med":95.075947,"max":19200.246454,"p(90)":10434.4874695,"p(95)":11993.505770250002,"avg":2979.8918112620345}},"ws_connections_active":{"type":"gauge","contains":"default","values":{"value":-1,"min":-1,"max":1}}},"root_group":{"groups":[],"checks":[{"name":"register → status 200","path":"::register → status 200","id":"8ede158581b7e8b0f737fa0b56d6b595","passes":8000,"fails":0},{"fails":0,"name":"login → status 200","path":"::login → status 200","id":"2a01e495a15ec72531cb01afa9dbae7b","passes":8000},{"fails":0,"name":"pre-ws get_user_info → 200","path":"::pre-ws get_user_info → 200","id":"deeba104cf96bd01bf6e4cde2231f9f7","passes":92094},{"id":"3d60909b833d3a65d9ad50dc326d00ec","passes":720263,"fails":0,"name":"ws → received non-empty message","path":"::ws → received non-empty message"},{"name":"ws → message has type","path":"::ws → message has type","id":"0a7a9168932081479333bac136c62ca3","passes":720263,"fails":0},{"name":"ws → message has body","path":"::ws → message has body","id":"e578cc73fe7aa47eff71a3ba183e5d54","passes":0,"fails":720263},{"name":"ws → upgrade status 101","path":"::ws → upgrade status 101","id":"6c9a205c1738eb718e160f7d0d929015","passes":40791,"fails":46749},{"name":"post-ws get_all_conversations → 200","path":"::post-ws get_all_conversations → 200","id":"dc6387c6805937919ed5ebb82db01324","passes":87202,"fails":0},{"fails":87202,"name":"post-ws get_all_conversations → messages stored","path":"::post-ws get_all_conversations → messages stored","id":"333a7a82e7a94d16c5702d479c505f9f","passes":0},{"fails":1667,"name":"ws → no socket error","path":"::ws → no socket error","id":"83b7e238be7fadb7cf286ed5e0a7a557","passes":0}],"name":"","path":"","id":"d41d8cd98f00b204e9800998ecf8427e"},"options":{"summaryTrendStats":["avg","min","med","max","p(90)","p(95)"],"summaryTimeUnit":"","noColor":false},"state":{"testRunDurationMs":1470021.811452,"isStdOutTTY":true,"isStdErrTTY":true}}